[
    {
        "model": "programmes.stakeholder",
        "pk": 6,
        "fields": {
            "name": "Ewen Cumming",
            "description": "The (gentle) overlord",
            "contact_name": "Ewen Cumming",
            "contact_email": "ewen@mediasuite.co.nz"
        }
    },
    {
        "model": "programmes.outcome",
        "pk": 1,
        "fields": {
            "name": "An Impregnable Office",
            "description": "A complete reboubt is built around the MediaSuite premises which will effectively exclude all undesirable Internship personages",
            "pros": "Protects MediaSuite from climate change",
            "cons": "Its unsightly",
            "date": "2019-04-28"
        }
    },
    {
        "model": "programmes.target",
        "pk": 6,
        "fields": {
            "name": "TAR1",
            "description": "0% Internship numbers by 2019.",
            "achieved": false,
            "date": "2019-04-28",
            "outputs":[1],
            "benefits": [1]
        }
    },
    {
        "model": "programmes.team",
        "pk": 6,
        "fields": {
            "name": "Team OutCasts",
            "description": "For the condemed"
        }
    },
    {
        "model": "programmes.milestonestatus",
        "pk": 1,
        "fields": {
            "status": "Not Started",
            "name": "MS1S1",
            "description": "Started"
        }
    },
    {
        "model": "programmes.milestonestatus",
        "pk": 2,
        "fields": {
            "status": "Not Started",
            "name": "MS1S2",
            "description": "Delayed for want of motivation"
        }
    },
    {
        "model": "programmes.teammember",
        "pk": 1,
        "fields": {
            "email": "timothy@mediasuite.co.nz",
            "image": "prp/teammembers/images/tim.jpeg",
            "position": "Project Manager",
            "date_joined": "2019-01-24 15:02:10.390765+13",
            "first_name": "Tim",
            "is_active": true,
            "is_staff": true,
            "is_superuser": true,
            "last_login": "2019-01-24 15:02:32.165361+13",
            "last_name": "McKenzie",
            "password": "pbkdf2_sha256$120000$e8pQF2uBL4fB$H4kkAvD1dCNU6qXF7GK6et/JFj7y5Fk8zdUTHvznU5I=",
            "username": "Tim",
            "contact_number": 111
        }
    },
    {
        "model": "programmes.teammember",
        "pk": 2,
        "fields": {
            "email": "ewen@mediasuite.co.nz",
            "image": "prp/teammembers/images/ewen.png",
            "position": "Project Manager",
            "date_joined": "2019-01-24 15:02:10.390765+13",
            "first_name": "Ewen",
            "is_active": true,
            "is_staff": true,
            "is_superuser": true,
            "last_login": "2019-01-24 15:02:32.165361+13",
            "last_name": "Cumming",
            "password": "pbkdf2_sha256$120000$e8pQF2uBL4fB$H4kkAvD1dCNU6qXF7GK6et/JFj7y5Fk8zdUTHvznU5I=",
            "username": "Ewen",
            "contact_number": 111
        }
    },
    {
        "model": "programmes.teammember",
        "pk": 3,
        "fields": {
            "email": "Subhra@mediasuite.co.nz",
            "image": "no_path",
            "position": "Project Manager",
            "date_joined": "2019-01-24 15:02:10.390765+13",
            "first_name": "Subhra",
            "is_active": true,
            "is_staff": true,
            "is_superuser": true,
            "last_login": "2019-01-24 15:02:32.165361+13",
            "last_name": "Borkakati",
            "password": "pbkdf2_sha256$120000$e8pQF2uBL4fB$H4kkAvD1dCNU6qXF7GK6et/JFj7y5Fk8zdUTHvznU5I=",
            "username": "Subhra",
            "contact_number": 111
        }
    },
    {
        "model": "programmes.programme",
        "pk": 1,
        "fields": {
            "name": "MediaSuite 2019 Campaign",
            "description": "We will make MediaSuite great again.",
            "vision": "Media Suite First",
            "image": "???",
            "start_date": "2018-11-28",
            "end_date": "2019-4-01",
            "slug": "MediaSuite_2019_Campaign",
            "members": [1,2,3]
        }
    },
    {
        "model": "programmes.initiative",
        "pk": 3,
        "fields": {
            "name": "Construct the Wall",
            "description": "Great wall of MediaSuite, it will be so big you can see it from the Countdown carpark",
            "start_date": "2018-11-28",
            "end_date": "2019-01-01",
            "progress": 0.33,
            "adapter_id": 1,
            "adapter_ref": "1",
            "order": 1,
            "status": "In Progress",
            "outputs":[1],
            "projects": [1,2,3,7]
        }
    },
    {
        "model": "programmes.initiative",
        "pk": 1,
        "fields": {
            "name": "Plan the Wall",
            "description": "Design of wall types suitable for keeping out pesky interns",
            "start_date": "2018-11-28",
            "end_date": "2018-12-20",
            "progress": 1,
            "adapter_id": 1,
            "adapter_ref": "1",
            "order": 1,
            "status": "Complete",
            "outputs":[],
            "projects": [1,3,4,5,6,7,8]
        }
    },
    {
        "model": "programmes.initiative",
        "pk": 2,
        "fields": {
            "name": "Cost Analysis",
            "description": "TBL of the implications of building a wall",
            "start_date": "2018-11-28",
            "end_date": "2018-12-25",
            "progress": 1,
            "adapter_id": 1,
            "adapter_ref": "1",
            "order": 1,
            "status": "Complete",
            "outputs":[],
            "projects": [1,3,4,7,8]
        }
    },
    {
        "model": "programmes.initiative",
        "pk": 4,
        "fields": {
            "name": "Publicity Campaign",
            "description": "Sell the wall to the local & international media",
            "start_date": "2018-11-28",
            "end_date": "2018-12-30",
            "progress": 0.67,
            "adapter_id": 1,
            "adapter_ref": "1",
            "order": 1,
            "status": "Blocked",
            "outputs":[],
            "projects": [1,2,3,5,7]
        }
    },
    {
        "model": "programmes.problem",
        "pk": 6,
        "fields": {
            "name": "P1",
            "description": "People are disastisifed with their current lunch.",
            "order": 1
        }
    },
    {
        "model": "programmes.problem",
        "pk": 7,
        "fields": {
            "name": "P2",
            "description": "Jiggl-care is working for no one.",
            "order": 1
        }
    },
    {
        "model": "programmes.problem",
        "pk": 8,
        "fields": {
            "name": "P3",
            "description": "Interns are taking our jobs.",
            "order": 1
        }
    },
    {
        "model": "programmes.goal",
        "pk": 1,
        "fields": {
            "programme": 1,
            "name": "More Learning Lunches",
            "image": "prp/goals/images/lunch.jpeg",
            "description": "Why restrict food for thought to only Thursdays?",
            "order": 1,
            "problems": [
                6
            ]
        }
    },
    {
        "model": "programmes.goal",
        "pk": 2,
        "fields": {
            "programme": 1,
            "name": "Scrap Jiggl-Care",
            "image": "no_path",
            "description": "Can't track time if Jiggl is not deployable",
            "order": 1,
            "problems": [
                7
            ]
        }
    },
    {
        "model": "programmes.goal",
        "pk": 3,
        "fields": {
            "programme": 1,
            "name": "Build a Wall",
            "image": "prp/goals/images/wall_b8lv9oL.jpg",
            "description": "We must keep out the Interns because they are taking our jobs",
            "order": 1,
            "problems": [
                8
            ]
        }
    },
    {
        "model": "programmes.milestone",
        "pk": 1,
        "fields": {
            "milestone_status": 2,
            "name": "MS3",
            "description": "Build wall.",
            "date": "2018-12-01"
        }
    },
    {
        "model": "programmes.milestone",
        "pk": 2,
        "fields": {
            "milestone_status": 1,
            "name": "MS2",
            "description": "Design & choose wall candidates.",
            "date": "2018-11-29"
        }
    },
    {
        "model": "programmes.milestonehistory",
        "pk": 1,
        "fields": {
            "milestone": 1,
            "from_status": 1,
            "to_status": 2,
            "description": "Wall project status",
            "date": "2018-11-28"
        }
    },
    {
        "model": "programmes.benefit",
        "pk": 1,
        "fields": {
            "name": "Prosperity",
            "description": "Less paid interns means more money to pay existing staff",
            "image": "prp/benefits/images/money.jpg",
            "value": "$12000",
            "priority": "critical",
            "goals": [2,3]
        }
    },
    {
        "model": "programmes.benefit",
        "pk": 2,
        "fields": {
            "name": "Job fufilment",
            "description": "The workplace should facilate a positive environment condusive to learning",
            "image": "prp/benefits/images/learning.png",
            "value": "$2000",
            "priority": "medium",
            "goals": [1,2]
        }
    },
    {
        "model": "programmes.benefit",
        "pk": 3,
        "fields": {
            "name": "Higher Work efficiency",
            "description": "Less (pointless) work, more (productive) play",
            "image": "prp/benefits/images/work.png",
            "value": "$1500",
            "priority": "low",
            "goals": [2]
        }
    },
    {
        "model": "programmes.benefit",
        "pk": 4,
        "fields": {
            "name": "Increased Collaboration",
            "description": "Small, cohesive teams",
            "image": "no_path",
            "value": "$4500",
            "priority": "high",
            "goals": [1,2,3]
        }
    },
    {
        "model": "programmes.benefit",
        "pk": 5,
        "fields": {
            "name": "Phasing Obsolute Systems",
            "description": "In with the new, out with the old or useless",
            "image": "prp/benefits/images/typewriter.jpeg",
            "value": "$3300",
            "priority": "minor",
            "goals": [2]
        }
    },
    {
        "model": "programmes.benefit",
        "pk": 6,
        "fields": {
            "name": "Safer Work Environment",
            "description": "Safe workers are happy workers",
            "image": "prp/benefits/images/safe.jpeg",
            "value": "Priceless",
            "priority": "high",
            "goals": [3]
        }
    },
    {
        "model": "programmes.benefit",
        "pk": 7,
        "fields": {
            "name": "Publicity",
            "description": "Making MediaSuite more attractive to the public",
            "image": "no_path",
            "value": "10000",
            "priority": "high",
            "goals": [1,3]
        }
    },
    {
        "model": "programmes.benefit",
        "pk": 8,
        "fields": {
            "name": "Shaft Those Democrats",
            "description": "Keeping things political",
            "image": "prp/benefits/images/demo.png",
            "value": "Priceless",
            "priority": "critical",
            "goals": []
        }
    },
    {
        "model": "programmes.deliverable",
        "pk": 1,
        "fields": {
            "name": "Procure Bricks",
            "description": "A wall needs bricks, lots of bricks",
            "end_date": "2018-12-12",
            "progress": 1,
            "order": 1,
            "status": "Complete",
            "status_message": "We have the bricks",
            "team_impact": "none",
            "pm_impact": "none",
            "sponsor_impact": "none",
            "initiative": 3
        }
    },
    {
        "model": "programmes.deliverable",
        "pk": 2,
        "fields": {
            "name": "Procure Cement",
            "description": "A wall needs cement, lost of cement",
            "end_date": "2018-12-06",
            "progress": 0.23,
            "order": 1,
            "status": "Overdue",
            "status_message": "We dont have the cement",
            "team_impact": "moderate",
            "pm_impact": "low",
            "sponsor_impact": "none",
            "initiative": 3
        }
    },
    {
        "model": "programmes.deliverable",
        "pk": 3,
        "fields": {
            "name": "Build the wall",
            "description": "Combine bricks and cement and stir untill desired consistency. Bake at 2000° for 48hours. Hope the wall does not crack",
            "end_date": "2018-12-10",
            "progress": 0.0,
            "order": 1,
            "status": "Not Started",
            "status_message": "Its beautiful!",
            "team_impact": "low",
            "pm_impact": "none",
            "sponsor_impact": "none",
            "initiative": 3
        }
    },
    {
        "model": "programmes.deliverable",
        "pk": 4,
        "fields": {
            "name": "Tweet on Social Media",
            "description": "Announce plans to build wall at 2.32 am without spell-checking the tweet",
            "end_date": "2018-12-25",
            "progress": 0.45,
            "order": 1,
            "status": "Blocked",
            "status_message": "The media fallout was monumentally bad",
            "team_impact": "severe",
            "pm_impact": "moderate",
            "sponsor_impact": "severe",
            "initiative": 4
        }
    },
    {
        "model": "programmes.deliverable",
        "pk": 7,
        "fields": {
            "name": "Give a news conference",
            "description": "Tell the world how great the wall is and how stupid the democrates are",
            "end_date": "2018-12-28",
            "progress": 1,
            "order": 1,
            "status": "Complete",
            "status_message": "Your face made every headline around the world. That must be good right?",
            "team_impact": "none",
            "pm_impact": "none",
            "sponsor_impact": "none",
            "initiative": 4
        }
    },
    {
        "model": "programmes.deliverable",
        "pk": 5,
        "fields": {
            "name": "Cancel UN funding",
            "description": "Tell the UN your canceling their funding to use the money to build a wall - while giving a speech to them",
            "progress": 0.67,
            "order": 1,
            "status": "Blocked",
            "status_message": "You are the talk of the party at Media Suite...",
            "team_impact": "severe",
            "pm_impact": "moderate",
            "sponsor_impact": "none",
            "initiative": 4,
            "end_date": "2019-01-20"
        }
    },
    {
        "model": "programmes.deliverable",
        "pk": 6,
        "fields": {
            "name": "Write a memoir",
            "description": "A saga to be recounted throughout the ages",
            "end_date": "2021-02-23",
            "progress": 0,
            "order": 1,
            "status": "Not Started",
            "status_message": "Blocked by recent events",
            "team_impact": "low",
            "pm_impact": "low",
            "sponsor_impact": "low",
            "initiative": 4
        }
    },
    {
        "model": "programmes.risk",
        "pk": 1,
        "fields": {
            "name": "Public backlash",
            "description": "The public will not like the wall and Media Suite approval ratings will dip",
            "likelihood": 5,
            "impact": 4,
            "flagged": true,
            "risk_category": 15,
            "mitigations": [1,2,3],
            "initiatives": [3,4]

        }
    },
    {
        "model": "programmes.risk",
        "pk": 2,
        "fields": {
            "name": "Unknown Expences",
            "description": "Unforseen cost in building the wall may occur, e.g. labour costs, transport, waste removal",
            "likelihood": 2,
            "impact": 3,
            "flagged": false,
            "risk_category": 12,
            "mitigations": [6],
            "initiatives": [2,3]

        }
    },
    {
        "model": "programmes.risk",
        "pk": 3,
        "fields": {
            "name": "The Wall is not effective",
            "description": "The sneaky interns may find a way to subvert the wall",
            "likelihood": 3,
            "impact": 4,
            "flagged": true,
            "risk_category": 14,
            "mitigations": [4,5],
            "initiatives": [3]

        }
    },
    {
        "model": "programmes.riskmitigationstrategy",
        "pk": 1,
        "fields": {
            "name": "Insult your political opponents",
            "description": "The more crass, loud, and public the insult, the better"
        }
    },
    {
        "model": "programmes.riskmitigationstrategy",
        "pk": 2,
        "fields": {
            "name": "Threaten nuclear destruction on an impoverished country",
            "description": "The 'Fire & Fury' speech always wins approval at home"
        }
    },
    {
        "model": "programmes.riskmitigationstrategy",
        "pk": 3,
        "fields": {
            "name": "Fire your PR guy",
            "description": "And fire the PR department, and the head of CNN, and fire..."
        }
    },
    {
        "model": "programmes.riskmitigationstrategy",
        "pk": 4,
        "fields": {
            "name": "Make the interns pay for it",
            "description": "Bully the interns into paying for the wall even if its not effective. No loss to you"
        }
    },
    {
        "model": "programmes.riskmitigationstrategy",
        "pk": 5,
        "fields": {
            "name": "Deny it",
            "description": "The is absolutely nothing wrong with the wall. Its great. It really walls well. They don't know what they are talking about"
        }
    },
    {
        "model": "programmes.riskmitigationstrategy",
        "pk": 6,
        "fields": {
            "name": "Don't declare your expenses",
            "description": "Never ever release the tax records to the public, and make sure all your murky dealings are backdoor"
        }
    },
    {
        "model": "programmes.role",
        "pk": 1,
        "fields": {
            "role": "Project Manager",
            "team_members": [1],
            "projects": [1,2,3]

        }
    },
    {
        "model": "programmes.role",
        "pk": 2,
        "fields": {
            "role": "Project Manager",
            "team_members": [2],
            "projects": [1,3]

        }
    },
    {
        "model": "programmes.role",
        "pk": 3,
        "fields": {
            "role": "Support",
            "team_members": [3],
            "projects": [3]

        }
    },
    {
        "model": "programmes.role",
        "pk": 4,
        "fields": {
            "role": "Support",
            "team_members": [1],
            "projects": [2]

        }
    },
    {
        "model": "programmes.role",
        "pk": 5,
        "fields": {
            "role": "Project Manager",
            "team_members": [3],
            "projects": [1]

        }
    },
    {
        "model": "programmes.update",
        "pk": 1,
        "fields":{
            "description": "Mispelled Korea, Media backlash has affected our Investers perception of us.",
            "date": "2018-04-04",
            "log": "Sponser impact changed from 'None' to 'High'. PM impact changed from 'None' to 'Moderate'.",
            "author": 1,
            "deliverable": 4
        }
    },
    {
        "model": "programmes.update",
        "pk": 2,
        "fields":{
            "description": "Our team are demoralized",
            "date": "2018-04-05",
            "log": "Team impact changed from 'None' to 'High'.",
            "author": 1,
            "deliverable": 4
        }
    },
    {
        "model": "programmes.project",
        "pk": 1,
        "fields": {
            "name": "Making MediaSuite Great again",
            "description": "A great country needs a great wall",
            "start_date": "2018-11-20",
            "end_date": "2019-05-30",
            "priority": "Critical",
            "progress": 0.22,
            "cost": 30000,
            "image": "prp/projects/images/wall.jpeg",
            "status": "In Progress",
            "goals": [1,2,3]

        }
    },
    {
        "model": "programmes.project",
        "pk": 2,
        "fields": {
            "name": "Project Alpha",
            "description": "",
            "start_date": "2018-11-20",
            "end_date": "2019-05-30",
            "priority": "High",
            "progress": 0.5,
            "cost": 30000,
            "image": "nope",
            "status": "In Progress",
            "goals": [1]

        }
    },
    {
        "model": "programmes.project",
        "pk": 3,
        "fields": {
            "name": "Project Beta",
            "description": "",
            "start_date": "2018-11-20",
            "end_date": "2019-05-30",
            "priority": "High",
            "progress": 1,
            "cost": 30000,
            "image": "nope",
            "status": "Complete",
            "goals": [2,3]

        }
    },
    {
        "model": "programmes.project",
        "pk": 4,
        "fields": {
            "name": "Project Gamma",
            "description": "",
            "start_date": "2018-11-20",
            "end_date": "2019-05-30",
            "priority": "Moderate",
            "progress": 0.3,
            "cost": 30000,
            "image": "nope",
            "status": "Blocked",
            "goals": []

        }
    },
    {
        "model": "programmes.project",
        "pk": 5,
        "fields": {
            "name": "Project Delta",
            "description": "",
            "start_date": "2018-11-20",
            "end_date": "2019-05-30",
            "priority": "Moderate",
            "progress": 0.15,
            "cost": 30000,
            "image": "nope",
            "status": "Delayed",
            "goals": []

        }
    },
    {
        "model": "programmes.project",
        "pk": 6,
        "fields": {
            "name": "Project Epsilon",
            "description": "",
            "start_date": "2018-11-20",
            "end_date": "2019-05-30",
            "priority": "Low",
            "progress": 0,
            "cost": 30000,
            "image": "nope",
            "status": "Not Started",
            "goals": []

        }
    },
    {
        "model": "programmes.project",
        "pk": 7,
        "fields": {
            "name": "Project Zeta",
            "description": "",
            "start_date": "2018-11-20",
            "end_date": "2019-05-30",
            "priority": "Low",
            "progress": 0,
            "cost": 30000,
            "image": "nope",
            "status": "Not Started",
            "goals": []

        }
    },
    {
        "model": "programmes.project",
        "pk": 8,
        "fields": {
            "name": "Project Eta",
            "description": "",
            "start_date": "2018-11-20",
            "end_date": "2019-05-30",
            "priority": "Very Low",
            "progress": 0,
            "cost": 30000,
            "image": "nope",
            "status": "Not Started",
            "goals": []

        }
    },
    {
        "model": "programmes.project",
        "pk": 9,
        "fields": {
            "name": "Project Theta",
            "description": "",
            "start_date": "2018-11-20",
            "end_date": "2019-05-30",
            "priority": "Very Low",
            "progress": 0,
            "cost": 30000,
            "image": "nope",
            "status": "Not Started",
            "goals": []

        }
    }

]
