[
  {
      "model": "programmes.programme",
      "pk": 11,
      "fields": {
          "name": "Student First Programme",
          "description": "Increasing the quality of student services and systems.",
          "vision": "Flexible way of working (people, processes, and systems) to enable UC to continuously improve the way student administration is delivered by staff for the benefit of students now and in the future.",
          "image": "???",
          "start_date": "2019-01-01",
          "end_date": "2020-01-01",
          "slug": "student-first-programme",
          "members": [22,23]
      }
  },
  {
      "model": "programmes.goal",
      "pk": 11,
      "fields": {
          "programme": 11,
          "name": "Increase Student Enrolments",
          "image": "prp/goals/images/conversion.jpg",
          "description": "Sustained improvements in the student experience and sustained increases in student conversion & retention.",
          "order": 1,
          "problems": [
              
          ]
      }
  },
  {
      "model": "programmes.goal",
      "pk": 12,
      "fields": {
          "programme": 11,
          "name": "Operational Efficiency",
          "image": "prp/goals/images/efficiency.jpeg",
          "description": "Sustained increases in process efficiency & reduction in costs.",
          "order": 1,
          "problems": [
              
          ]
      }
  },
  {
      "model": "programmes.goal",
      "pk": 13,
      "fields": {
          "programme": 11,
          "name": "Less Tech Debt",
          "image": "prp/goals/images/jade_software.png",
          "description": "Agile technology that can quickly respond to market changes.",
          "order": 1,
          "problems": [
              
          ]
      }
  },
  {
    "model": "programmes.project",
    "pk": 31,
    "fields": {
        "name": "Better Application Administration",
        "description": "Lorem ipsum dolor sit amet, consectetur adipiscing elit. Nunc maximus, nulla ut commodo sagittis.",
        "start_date": "2018-11-20",
        "end_date": "2019-05-30",
        "priority": "Critical",
        "progress": 0.55,
        "cost": 30000,
        "image": "prp/projects/images/form.png",
        "status": "In Progress",
        "goals": [11,12]

    }
},
{
    "model": "programmes.project",
    "pk": 32,
    "fields": {
        "name": "Architectural Foundations",
        "description": "Lorem ipsum dolor sit amet, consectetur adipiscing elit. Nunc maximus, nulla ut commodo sagittis.",
        "start_date": "2018-11-20",
        "end_date": "2019-05-30",
        "priority": "High",
        "progress": 0.47,
        "cost": 30000,
        "image": "prp/projects/images/architecture.jpg",
        "status": "In Progress",
        "goals": [12]

    }
},
{
    "model": "programmes.project",
    "pk": 33,
    "fields": {
        "name": "MyUC & Connect UC Enhancements",
        "description": "Lorem ipsum dolor sit amet, consectetur adipiscing elit. Nunc maximus, nulla ut commodo sagittis.",
        "start_date": "2018-11-20",
        "end_date": "2019-05-30",
        "priority": "High",
        "progress": 0.38,
        "cost": 30000,
        "image": "prp/projects/images/connect.png",
        "status": "In Progress",
        "goals": [12,13]

    }
},
{
    "model": "programmes.project",
    "pk": 34,
    "fields": {
        "name": "Conversion Process + Application Pipeline",
        "description": "Lorem ipsum dolor sit amet, consectetur adipiscing elit. Nunc maximus, nulla ut commodo sagittis.",
        "start_date": "2018-11-20",
        "end_date": "2019-05-30",
        "priority": "High",
        "progress": 0.0,
        "cost": 30000,
        "image": "prp/projects/images/pipeline.jpeg",
        "status": "Not Started",
        "goals": [11,12]

    }
},
{
    "model": "programmes.project",
    "pk": 35,
    "fields": {
        "name": "Finance Phase 1",
        "description": "Lorem ipsum dolor sit amet, consectetur adipiscing elit. Nunc maximus, nulla ut commodo sagittis.",
        "start_date": "2018-11-20",
        "end_date": "2019-05-30",
        "priority": "High",
        "progress": 1,
        "cost": 30000,
        "image": "prp/projects/images/finance.jpg",
        "status": "Complete",
        "goals": [13]

    }
},
{
    "model": "programmes.initiative",
    "pk": 11,
    "fields": {
        "name": "Platform Architecture",
        "description": "Lorem ipsum dolor sit amet, consectetur adipiscing elit. Nunc maximus, nulla ut commodo sagittis.",
        "start_date": "2018-11-28",
        "end_date": "2019-01-01",
        "progress": 0.8,
        "adapter_id": 1,
        "adapter_ref": "1",
        "order": 1,
        "status": "In Progress",
        "risks": [],
        "outputs":[],
        "projects": [32]
    }
},
{
    "model": "programmes.initiative",
    "pk": 12,
    "fields": {
        "name": "Course Creation",
        "description": "Lorem ipsum dolor sit amet, consectetur adipiscing elit. Nunc maximus, nulla ut commodo sagittis.",
        "start_date": "2018-11-28",
        "end_date": "2019-01-01",
        "progress": 0.33,
        "adapter_id": 1,
        "adapter_ref": "1",
        "order": 1,
        "status": "In Progress",
        "risks": [],
        "outputs":[],
        "projects": [31]
    }
},
{
    "model": "programmes.initiative",
    "pk": 13,
    "fields": {
        "name": "Platform Setup",
        "description": "Lorem ipsum dolor sit amet, consectetur adipiscing elit. Nunc maximus, nulla ut commodo sagittis.",
        "start_date": "2018-11-28",
        "end_date": "2019-01-01",
        "progress": 0.33,
        "adapter_id": 1,
        "adapter_ref": "1",
        "order": 1,
        "status": "In Progress",
        "risks": [],
        "outputs":[],
        "projects": [32]
    }
},
{
    "model": "programmes.initiative",
    "pk": 14,
    "fields": {
        "name": "Low Code Foundation",
        "description": "Lorem ipsum dolor sit amet, consectetur adipiscing elit. Nunc maximus, nulla ut commodo sagittis.",
        "start_date": "2018-11-28",
        "end_date": "2019-01-01",
        "progress": 0.38,
        "adapter_id": 1,
        "adapter_ref": "1",
        "order": 1,
        "status": "Delayed",
        "risks": [],
        "outputs":[],
        "projects": [32]
    }
},
{
    "model": "programmes.initiative",
    "pk": 15,
    "fields": {
        "name": "Paper Forms",
        "description": "Lorem ipsum dolor sit amet, consectetur adipiscing elit. Nunc maximus, nulla ut commodo sagittis.",
        "start_date": "2018-11-28",
        "end_date": "2019-01-01",
        "progress": 1,
        "adapter_id": 1,
        "adapter_ref": "1",
        "order": 1,
        "status": "Complete",
        "risks": [],
        "outputs":[],
        "projects": [33]
    }
},
{
    "model": "programmes.initiative",
    "pk": 16,
    "fields": {
        "name": "PSRs & Jade Rules",
        "description": "Lorem ipsum dolor sit amet, consectetur adipiscing elit. Nunc maximus, nulla ut commodo sagittis.",
        "start_date": "2018-11-28",
        "end_date": "2019-01-01",
        "progress": 0.71,
        "adapter_id": 1,
        "adapter_ref": "1",
        "order": 1,
        "status": "In Progress",
        "risks": [],
        "outputs":[],
        "projects": [31]
    }
},
{
    "model": "programmes.initiative",
    "pk": 17,
    "fields": {
        "name": "Pipeline",
        "description": "Lorem ipsum dolor sit amet, consectetur adipiscing elit. Nunc maximus, nulla ut commodo sagittis.",
        "start_date": "2018-11-28",
        "end_date": "2019-01-01",
        "progress": 0.0,
        "adapter_id": 1,
        "adapter_ref": "1",
        "order": 1,
        "status": "Not Started",
        "risks": [],
        "outputs":[],
        "projects": [34]
    }
},
{
    "model": "programmes.initiative",
    "pk": 18,
    "fields": {
        "name": "Qualification Occurence",
        "description": "Lorem ipsum dolor sit amet, consectetur adipiscing elit. Nunc maximus, nulla ut commodo sagittis.",
        "start_date": "2018-11-28",
        "end_date": "2019-01-01",
        "progress": 0.18,
        "adapter_id": 1,
        "adapter_ref": "1",
        "order": 1,
        "status": "In Progress",
        "risks": [],
        "outputs":[],
        "projects": [33]
    }
},
{
    "model": "programmes.initiative",
    "pk": 19,
    "fields": {
        "name": "Finance & Fees",
        "description": "Lorem ipsum dolor sit amet, consectetur adipiscing elit. Nunc maximus, nulla ut commodo sagittis.",
        "start_date": "2018-11-28",
        "end_date": "2019-01-01",
        "progress": 1,
        "adapter_id": 1,
        "adapter_ref": "1",
        "order": 1,
        "status": "Complete",
        "risks": [],
        "outputs":[],
        "projects": [35]
    }
},
{
    "model": "programmes.initiative",
    "pk": 20,
    "fields": {
        "name": "MyUC Enhancements",
        "description": "Lorem ipsum dolor sit amet, consectetur adipiscing elit. Nunc maximus, nulla ut commodo sagittis.",
        "start_date": "2018-11-28",
        "end_date": "2019-01-01",
        "progress": 0.0,
        "adapter_id": 1,
        "adapter_ref": "1",
        "order": 1,
        "status": "Not Started",
        "risks": [],
        "outputs":[],
        "projects": [33]
    }
},
{
    "model": "programmes.target",
    "pk": 40,
    "fields": {
        "name": "Support: 15%+ Increase In Conversion",
        "description": "Lorem ipsum dolor sit amet, consectetur adipiscing elit. Nunc maximus, nulla ut commodo sagittis.",
        "achieved": false,
        "date": "2019-04-28",
        "outputs":[],
        "benefits": [41,42,43,44,49,50,51]
    }
},
{
    "model": "programmes.target",
    "pk": 41,
    "fields": {
        "name": "Support: 20% Increase IN Resource Efficiency",
        "description": "Lorem ipsum dolor sit amet, consectetur adipiscing elit. Nunc maximus, nulla ut commodo sagittis.",
        "achieved": false,
        "date": "2019-04-28",
        "outputs":[],
        "benefits": [45,46,47,48]
    }
},
{
    "model": "programmes.target",
    "pk": 42,
    "fields": {
        "name": "Revenue",
        "description": "+$3 million increase",
        "achieved": false,
        "date": "2019-04-28",
        "outputs":[],
        "benefits": [41,42,43,44]
    }
},
{
    "model": "programmes.target",
    "pk": 43,
    "fields": {
        "name": "Student Numbers",
        "description": "+$4.5% new to UC increase",
        "achieved": false,
        "date": "2019-04-28",
        "outputs":[],
        "benefits": [41,42,43,44]
    }
},
{
    "model": "programmes.target",
    "pk": 44,
    "fields": {
        "name": "Hours",
        "description": "+21,810 Hours (12 FTE) saved annually",
        "achieved": false,
        "date": "2019-04-28",
        "outputs":[],
        "benefits": [45,46,47,48]
    }
},
{
    "model": "programmes.target",
    "pk": 45,
    "fields": {
        "name": "Student Experience",
        "description": "Further Reduction in Student Effort",
        "achieved": false,
        "date": "2019-04-28",
        "outputs":[],
        "benefits": [49,50,51,42]
    }
},
{
    "model": "programmes.target",
    "pk": 46,
    "fields": {
        "name": "Technical Debt",
        "description": "+60% reduction in dependence on Jade",
        "achieved": false,
        "date": "2019-04-28",
        "outputs":[],
        "benefits": [53,54,55]
    }
},
{
    "model": "programmes.target",
    "pk": 47,
    "fields": {
        "name": "Applicants",
        "description": "Additional 3500+ applicants can now apply online vs paper",
        "achieved": false,
        "date": "2019-04-28",
        "outputs":[],
        "benefits": [44]
    }
},

  {
      "model": "programmes.benefit",
      "pk": 41,
      "fields": {
          "name": "Reduction in time to enrolement offer",
          "description": "Increases likelihood of conversion. Meet or exceed admission processing time benchmarks for students through streamlined process, improved digital workspaces for staff, and better visibility of information",
          "image": "prp/benefits/images/stopwatch.jpeg",
          "value": "$12000",
          "priority": "critical",
          "goals": [11]
      }
  },
  {
      "model": "programmes.benefit",
      "pk": 42,
      "fields": {
          "name": "Simpler Communications",
          "description": "Reduce number of inbound calls and increasing knowledge and certainty for students, supporting conversion",
          "image": "prp/benefits/images/eye.jpg",
          "value": "$2000",
          "priority": "critical",
          "goals": [11]
      }
  },
  {
    "model": "programmes.benefit",
    "pk": 43,
    "fields": {
        "name": "UC organisational gaps closed",
        "description": "E.g centralised recruitment of domestic post-graduate applicants means a consistent level of service",
        "image": "prp/benefits/images/central.jpeg",
        "value": "$12000",
        "priority": "critical",
        "goals": [11]
    }
},
{
    "model": "programmes.benefit",
    "pk": 44,
    "fields": {
        "name": "Study",
        "description": "Increased and rapid certainty on the cost of study",
        "image": "prp/benefits/images/rapid.jpg",
        "value": "$2000",
        "priority": "critical",
        "goals": [11]
    }
},
{
    "model": "programmes.benefit",
    "pk": 45,
    "fields": {
        "name": "Reduction in work to enrol a student",
        "description": "Frees resource to do higher-value work or reduce FTE count",
        "image": "prp/benefits/images/reduction.jpeg",
        "value": "$12000",
        "priority": "critical",
        "goals": [12]
    }
},
{
    "model": "programmes.benefit",
    "pk": 46,
    "fields": {
        "name": "Less Administration",
        "description": "Reduction in time spent completing academic administration tasks vs. teaching / research",
        "image": "prp/benefits/images/admin.jpg",
        "value": "$2000",
        "priority": "critical",
        "goals": [12]
    }
},
{
    "model": "programmes.benefit",
    "pk": 47,
    "fields": {
        "name": "Less Eligibility Calculation",
        "description": "Significant reduction in work required to calculate eligibility to graduate",
        "image": "prp/benefits/images/graduate.jpeg",
        "value": "$12000",
        "priority": "critical",
        "goals": [12]
    }
},
{
    "model": "programmes.benefit",
    "pk": 48,
    "fields": {
        "name": "Better coordination",
        "description": "Better coordination between teams and increased sharing of work to manage peaks and troughs",
        "image": "prp/benefits/images/teams.jpg",
        "value": "$2000",
        "priority": "critical",
        "goals": [12]
    }
},
{
    "model": "programmes.benefit",
    "pk": 49,
    "fields": {
        "name": "Complete visibility of how a student is progressing",
        "description": "Complete visibility of how a student is progressing toward the completion of a qualificiation",
        "image": "prp/benefits/images/eye.jpeg",
        "value": "$12000",
        "priority": "critical",
        "goals": [11]
    }
},
{
    "model": "programmes.benefit",
    "pk": 50,
    "fields": {
        "name": "Easier Study Planning",
        "description": "Easier study planning and ability to assess qualification and course eligibility removing uncertainty and frustration",
        "image": "prp/benefits/images/relationships.jpg",
        "value": "$2000",
        "priority": "critical",
        "goals": [11]
    }
},
{
    "model": "programmes.benefit",
    "pk": 51,
    "fields": {
        "name": "Easier to understand how courses relate",
        "description": "Reduces confusion and mistakes when selecting courses",
        "image": "prp/benefits/images/relating.jpeg",
        "value": "$12000",
        "priority": "critical",
        "goals": [11]
    }
},
{
    "model": "programmes.benefit",
    "pk": 53,
    "fields": {
        "name": "Complexity Reduction",
        "description": "Reduction in the complexity of UC's academic maintenance application and information architecture",
        "image": "prp/benefits/images/spanner.jpeg",
        "value": "$12000",
        "priority": "critical",
        "goals": [13]
    }
},
{
    "model": "programmes.benefit",
    "pk": 54,
    "fields": {
        "name": "Increased Change Agility",
        "description": "increased change agility and ability to successfully transition ownership of 'continuous improvement' as part of transition",
        "image": "prp/benefits/images/agility.jpg",
        "value": "$2000",
        "priority": "critical",
        "goals": [13]
    }
},
{
    "model": "programmes.benefit",
    "pk": 55,
    "fields": {
        "name": "Reduction in delays",
        "description": "Reduction in delays to make process changes due to resource constraints around Jade ? other legacy software",
        "image": "prp/benefits/images/legacy.jpeg",
        "value": "$12000",
        "priority": "critical",
        "goals": [13]
    }
},
  {
      "model": "programmes.deliverable",
      "pk": 41,
      "fields": {
          "name": "Reference Data in a service",
          "description": "Lorem ipsum dolor sit amet, consectetur adipiscing elit. Nunc maximus, nulla ut commodo sagittis.",
          "end_date": "2018-12-12",
          "progress": 1,
          "order": 1,
          "status": "Complete",
          "status_message": "",
          "team_impact": "none",
          "pm_impact": "none",
          "sponsor_impact": "none",
          "initiative": 11
      }
  },
  {
      "model": "programmes.deliverable",
      "pk": 42,
      "fields": {
          "name": "API Hardening v2",
          "description": "Lorem ipsum dolor sit amet, consectetur adipiscing elit. Nunc maximus, nulla ut commodo sagittis.",
          "end_date": "2019-01-05",
          "progress": 1,
          "order": 1,
          "status": "Complete",
          "status_message": "",
          "team_impact": "none",
          "pm_impact": "none",
          "sponsor_impact": "none",
          "initiative": 11
      }
  },
  {
      "model": "programmes.deliverable",
      "pk": 43,
      "fields": {
          "name": "API Hardening Kafka",
          "description": "Lorem ipsum dolor sit amet, consectetur adipiscing elit. Nunc maximus, nulla ut commodo sagittis.",
          "end_date": "2019-01-05",
          "progress": 1,
          "order": 1,
          "status": "Complete",
          "status_message": "",
          "team_impact": "none",
          "pm_impact": "none",
          "sponsor_impact": "none",
          "initiative": 11
      }
  },
  {
      "model": "programmes.deliverable",
      "pk": 44,
      "fields": {
          "name": "Move Integration API Gateway from old v8.4 version to new API Gateway",
          "description": "Lorem ipsum dolor sit amet, consectetur adipiscing elit. Nunc maximus, nulla ut commodo sagittis.",
          "end_date": "2019-01-05",
          "progress": 1,
          "order": 1,
          "status": "Complete",
          "status_message": "",
          "team_impact": "none",
          "pm_impact": "none",
          "sponsor_impact": "none",
          "initiative": 11
      }
  },
  {
      "model": "programmes.deliverable",
      "pk": 45,
      "fields": {
          "name": "Org structure strategy and architecture for the future",
          "description": "Lorem ipsum dolor sit amet, consectetur adipiscing elit. Nunc maximus, nulla ut commodo sagittis.",
          "end_date": "2019-02-08",
          "progress": 0.0,
          "order": 1,
          "status": "Not Started",
          "status_message": "",
          "team_impact": "none",
          "pm_impact": "none",
          "sponsor_impact": "none",
          "initiative": 11
      }
  },
  {
      "model": "programmes.deliverable",
      "pk": 46,
      "fields": {
          "name": "Current state process",
          "description": "Lorem ipsum dolor sit amet, consectetur adipiscing elit. Nunc maximus, nulla ut commodo sagittis.",
          "progress": 1,
          "order": 1,
          "status": "Complete",
          "status_message": "",
          "team_impact": "none",
          "pm_impact": "none",
          "sponsor_impact": "none",
          "initiative": 12,
          "end_date": "2019-01-13"
      }
  },
  {
    "model": "programmes.deliverable",
    "pk": 47,
    "fields": {
        "name": "Form Design (Data, rules, SDR review, etc.)",
        "description": "Lorem ipsum dolor sit amet, consectetur adipiscing elit. Nunc maximus, nulla ut commodo sagittis.",
        "end_date": "2019-01-13",
        "progress": 1,
        "order": 1,
        "status": "Complete",
        "status_message": "",
        "team_impact": "none",
        "pm_impact": "none",
        "sponsor_impact": "none",
        "initiative": 12
    }
},
{
    "model": "programmes.deliverable",
    "pk": 48,
    "fields": {
        "name": "Future State process",
        "description": "Lorem ipsum dolor sit amet, consectetur adipiscing elit. Nunc maximus, nulla ut commodo sagittis.",
        "end_date": "2019-02-02",
        "progress": 0.0,
        "order": 1,
        "status": "Not Started",
        "status_message": "",
        "team_impact": "none",
        "pm_impact": "none",
        "sponsor_impact": "none",
        "initiative": 12
    }
},
{
    "model": "programmes.deliverable",
    "pk": 49,
    "fields": {
        "name": "Reporting Requirements",
        "description": "Lorem ipsum dolor sit amet, consectetur adipiscing elit. Nunc maximus, nulla ut commodo sagittis.",
        "end_date": "2019-02-09",
        "progress": 0.0,
        "order": 1,
        "status": "Not Started",
        "status_message": "",
        "team_impact": "none",
        "pm_impact": "none",
        "sponsor_impact": "none",
        "initiative": 12
    }
},
{
    "model": "programmes.deliverable",
    "pk": 50,
    "fields": {
        "name": "Determine where new data will live",
        "description": "Lorem ipsum dolor sit amet, consectetur adipiscing elit. Nunc maximus, nulla ut commodo sagittis.",
        "end_date": "2019-02-09",
        "progress": 0.0,
        "order": 1,
        "status": "Not Started",
        "status_message": "",
        "team_impact": "none",
        "pm_impact": "none",
        "sponsor_impact": "none",
        "initiative": 12
    }
},
{
    "model": "programmes.deliverable",
    "pk": 51,
    "fields": {
        "name": "Reference Data from template",
        "description": "Lorem ipsum dolor sit amet, consectetur adipiscing elit. Nunc maximus, nulla ut commodo sagittis.",
        "end_date": "2019-02-09",
        "progress": 0.0,
        "order": 1,
        "status": "Not Started",
        "status_message": "",
        "team_impact": "none",
        "pm_impact": "none",
        "sponsor_impact": "none",
        "initiative": 12
    }
},
{
    "model": "programmes.deliverable",
    "pk": 52,
    "fields": {
        "name": "API course MS changes",
        "description": "Lorem ipsum dolor sit amet, consectetur adipiscing elit. Nunc maximus, nulla ut commodo sagittis.",
        "progress": 1,
        "order": 1,
        "status": "Complete",
        "status_message": "",
        "team_impact": "severe",
        "pm_impact": "moderate",
        "sponsor_impact": "none",
        "initiative": 12,
        "end_date": "2019-01-14"
    }
},
{
    "model": "programmes.deliverable",
    "pk": 53,
    "fields": {
        "name": "Build Workflow",
        "description": "Lorem ipsum dolor sit amet, consectetur adipiscing elit. Nunc maximus, nulla ut commodo sagittis.",
        "end_date": "2019-02-15",
        "progress": 0.0,
        "order": 1,
        "status": "Not Started",
        "status_message": "",
        "team_impact": "none",
        "pm_impact": "none",
        "sponsor_impact": "none",
        "initiative": 12
    }
},
{
    "model": "programmes.deliverable",
    "pk": 54,
    "fields": {
        "name": "Build Form",
        "description": "Lorem ipsum dolor sit amet, consectetur adipiscing elit. Nunc maximus, nulla ut commodo sagittis.",
        "end_date": "2019-02-15",
        "progress": 0.0,
        "order": 1,
        "status": "Not Started",
        "status_message": "",
        "team_impact": "none",
        "pm_impact": "none",
        "sponsor_impact": "none",
        "initiative": 12
    }
},
{
    "model": "programmes.deliverable",
    "pk": 55,
    "fields": {
        "name": "Kafka Build",
        "description": "Lorem ipsum dolor sit amet, consectetur adipiscing elit. Nunc maximus, nulla ut commodo sagittis.",
        "end_date": "2019-01-12",
        "progress": 1,
        "order": 1,
        "status": "Complete",
        "status_message": "",
        "team_impact": "none",
        "pm_impact": "none",
        "sponsor_impact": "none",
        "initiative": 13
    }
},
{
    "model": "programmes.deliverable",
    "pk": 56,
    "fields": {
        "name": "SMTP Integration",
        "description": "Lorem ipsum dolor sit amet, consectetur adipiscing elit. Nunc maximus, nulla ut commodo sagittis.",
        "end_date": "2019-01-05",
        "progress": 1,
        "order": 1,
        "status": "Complete",
        "status_message": "",
        "team_impact": "severe",
        "pm_impact": "moderate",
        "sponsor_impact": "severe",
        "initiative": 13
    }
},
{
    "model": "programmes.deliverable",
    "pk": 57,
    "fields": {
        "name": "VMs setup (Setup Prod, migrate Test)",
        "description": "Lorem ipsum dolor sit amet, consectetur adipiscing elit. Nunc maximus, nulla ut commodo sagittis.",
        "end_date": "2019-01-05",
        "progress": 1,
        "order": 1,
        "status": "Complete",
        "status_message": "",
        "team_impact": "none",
        "pm_impact": "none",
        "sponsor_impact": "none",
        "initiative": 13
    }
},
{
    "model": "programmes.deliverable",
    "pk": 58,
    "fields": {
        "name": "Software for Outsystems to be installed and configured",
        "description": "Lorem ipsum dolor sit amet, consectetur adipiscing elit. Nunc maximus, nulla ut commodo sagittis.",
        "progress": 0.0,
        "order": 1,
        "status": "Not Started",
        "status_message": "",
        "team_impact": "none",
        "pm_impact": "none",
        "sponsor_impact": "none",
        "initiative": 13,
        "end_date": "2019-02-12"
    }
},
{
    "model": "programmes.deliverable",
    "pk": 59,
    "fields": {
        "name": "Gateway Stuff",
        "description": "Lorem ipsum dolor sit amet, consectetur adipiscing elit. Nunc maximus, nulla ut commodo sagittis.",
        "end_date": "2019-02-10",
        "progress": 0.0,
        "order": 1,
        "status": "Not Started",
        "status_message": "",
        "team_impact": "none",
        "pm_impact": "none",
        "sponsor_impact": "none",
        "initiative": 13
    }
},
{
    "model": "programmes.deliverable",
    "pk": 61,
    "fields": {
        "name": "Technical Implementation Strategy",
        "description": "Lorem ipsum dolor sit amet, consectetur adipiscing elit. Nunc maximus, nulla ut commodo sagittis.",
        "end_date": "2019-01-29",
        "progress": 1,
        "order": 1,
        "status": "Complete",
        "status_message": "",
        "team_impact": "none",
        "pm_impact": "none",
        "sponsor_impact": "none",
        "initiative": 14
    }
},
{
    "model": "programmes.deliverable",
    "pk": 62,
    "fields": {
        "name": "Determine how MyUC and OurUC are going to work together",
        "description": "Lorem ipsum dolor sit amet, consectetur adipiscing elit. Nunc maximus, nulla ut commodo sagittis.",
        "end_date": "2019-02-08",
        "progress": 1,
        "order": 1,
        "status": "Complete",
        "status_message": "",
        "team_impact": "severe",
        "pm_impact": "moderate",
        "sponsor_impact": "severe",
        "initiative": 14
    }
},
{
    "model": "programmes.deliverable",
    "pk": 63,
    "fields": {
        "name": "Determine how we are going to integrate current OurUC into Outsystems OurUC",
        "description": "Lorem ipsum dolor sit amet, consectetur adipiscing elit. Nunc maximus, nulla ut commodo sagittis.",
        "end_date": "2019-02-10",
        "progress": 0.0,
        "order": 1,
        "status": "Not Started",
        "status_message": "",
        "team_impact": "none",
        "pm_impact": "none",
        "sponsor_impact": "none",
        "initiative": 14
    }
},
{
    "model": "programmes.deliverable",
    "pk": 64,
    "fields": {
        "name": "Determine how Jade & OurUC are going to work together",
        "description": "Lorem ipsum dolor sit amet, consectetur adipiscing elit. Nunc maximus, nulla ut commodo sagittis.",
        "progress": 0.95,
        "order": 1,
        "status": "Blocked",
        "status_message": "",
        "team_impact": "none",
        "pm_impact": "severe",
        "sponsor_impact": "none",
        "initiative": 14,
        "end_date": "2019-02-08"
    }
},
{
    "model": "programmes.deliverable",
    "pk": 65,
    "fields": {
        "name": "Jade Change Requests",
        "description": "Lorem ipsum dolor sit amet, consectetur adipiscing elit. Nunc maximus, nulla ut commodo sagittis.",
        "end_date": "2019-02-06",
        "progress": 0.0,
        "order": 1,
        "status": "Not Started",
        "status_message": "",
        "team_impact": "none",
        "pm_impact": "none",
        "sponsor_impact": "none",
        "initiative": 14
    }
},
{
    "model": "programmes.deliverable",
    "pk": 66,
    "fields": {
        "name": "Set design patterns for task mgmt",
        "description": "Lorem ipsum dolor sit amet, consectetur adipiscing elit. Nunc maximus, nulla ut commodo sagittis.",
        "end_date": "2019-02-10",
        "progress": 0.0,
        "order": 1,
        "status": "Not Started",
        "status_message": "",
        "team_impact": "none",
        "pm_impact": "none",
        "sponsor_impact": "none",
        "initiative": 14
    }
},
{
    "model": "programmes.deliverable",
    "pk": 67,
    "fields": {
        "name": "Decide how users will navigate OurUC",
        "description": "Lorem ipsum dolor sit amet, consectetur adipiscing elit. Nunc maximus, nulla ut commodo sagittis.",
        "end_date": "2019-02-09",
        "progress": 0.0,
        "order": 1,
        "status": "Not Started",
        "status_message": "",
        "team_impact": "none",
        "pm_impact": "none",
        "sponsor_impact": "none",
        "initiative": 14
    }
},
{
    "model": "programmes.deliverable",
    "pk": 68,
    "fields": {
        "name": "Security Approach",
        "description": "Lorem ipsum dolor sit amet, consectetur adipiscing elit. Nunc maximus, nulla ut commodo sagittis.",
        "end_date": "2019-01-26",
        "progress": 1,
        "order": 1,
        "status": "Complete",
        "status_message": "",
        "team_impact": "severe",
        "pm_impact": "moderate",
        "sponsor_impact": "severe",
        "initiative": 14
    }
},
{
    "model": "programmes.deliverable",
    "pk": 69,
    "fields": {
        "name": "LDAP Authentication",
        "description": "Lorem ipsum dolor sit amet, consectetur adipiscing elit. Nunc maximus, nulla ut commodo sagittis.",
        "end_date": "2019-01-26",
        "progress": 1,
        "order": 1,
        "status": "Complete",
        "status_message": "",
        "team_impact": "none",
        "pm_impact": "none",
        "sponsor_impact": "none",
        "initiative": 14
    }
},
{
    "model": "programmes.deliverable",
    "pk": 70,
    "fields": {
        "name": "IDAM for Low Code",
        "description": "Lorem ipsum dolor sit amet, consectetur adipiscing elit. Nunc maximus, nulla ut commodo sagittis.",
        "progress": 1,
        "order": 1,
        "status": "Complete",
        "status_message": "",
        "team_impact": "none",
        "pm_impact": "none",
        "sponsor_impact": "none",
        "initiative": 14,
        "end_date": "2019-01-26"
    }
},
{
    "model": "programmes.deliverable",
    "pk": 71,
    "fields": {
        "name": "System Admin 4 - A new Administrator (ourUC)",
        "description": "Lorem ipsum dolor sit amet, consectetur adipiscing elit. Nunc maximus, nulla ut commodo sagittis.",
        "end_date": "2019-02-14",
        "progress": 0.56,
        "order": 1,
        "status": "In Progress",
        "status_message": "",
        "team_impact": "none",
        "pm_impact": "none",
        "sponsor_impact": "none",
        "initiative": 14
    }
},
{
    "model": "programmes.deliverable",
    "pk": 73,
    "fields": {
        "name": "Kafka integration (software side)",
        "description": "Lorem ipsum dolor sit amet, consectetur adipiscing elit. Nunc maximus, nulla ut commodo sagittis.",
        "end_date": "2019-02-16",
        "progress": 0.0,
        "order": 1,
        "status": "Not Started",
        "status_message": "",
        "team_impact": "none",
        "pm_impact": "none",
        "sponsor_impact": "none",
        "initiative": 14
    }
},
{
    "model": "programmes.deliverable",
    "pk": 74,
    "fields": {
        "name": "Existing API integration to Outsystems",
        "description": "Lorem ipsum dolor sit amet, consectetur adipiscing elit. Nunc maximus, nulla ut commodo sagittis.",
        "end_date": "2019-02-11",
        "progress": 0.0,
        "order": 1,
        "status": "Not Started",
        "status_message": "",
        "team_impact": "none",
        "pm_impact": "none",
        "sponsor_impact": "none",
        "initiative": 14
    }
},
{
    "model": "programmes.deliverable",
    "pk": 75,
    "fields": {
        "name": "Spike - where are we storing data?",
        "description": "Lorem ipsum dolor sit amet, consectetur adipiscing elit. Nunc maximus, nulla ut commodo sagittis.",
        "end_date": "2019-01-28",
        "progress": 1,
        "order": 1,
        "status": "Complete",
        "status_message": "",
        "team_impact": "none",
        "pm_impact": "none",
        "sponsor_impact": "none",
        "initiative": 14
    }
},
{
    "model": "programmes.deliverable",
    "pk": 76,
    "fields": {
        "name": "Outsystems Comms to Students (document approach)",
        "description": "Lorem ipsum dolor sit amet, consectetur adipiscing elit. Nunc maximus, nulla ut commodo sagittis.",
        "progress": 0.0,
        "order": 1,
        "status": "Not Started",
        "status_message": "",
        "team_impact": "none",
        "pm_impact": "none",
        "sponsor_impact": "none",
        "initiative": 14,
        "end_date": "2019-02-12"
    }
},
{
    "model": "programmes.deliverable",
    "pk": 77,
    "fields": {
        "name": "Outsystems Comms to Staff (document approach)",
        "description": "Lorem ipsum dolor sit amet, consectetur adipiscing elit. Nunc maximus, nulla ut commodo sagittis.",
        "end_date": "2019-02-12",
        "progress": 0.0,
        "order": 1,
        "status": "Not Started",
        "status_message": "",
        "team_impact": "none",
        "pm_impact": "none",
        "sponsor_impact": "none",
        "initiative": 14
    }
},
{
    "model": "programmes.deliverable",
    "pk": 78,
    "fields": {
        "name": "Outsystems Task Management Strategy (document approach)",
        "description": "Lorem ipsum dolor sit amet, consectetur adipiscing elit. Nunc maximus, nulla ut commodo sagittis.",
        "end_date": "2019-02-12",
        "progress": 0.0,
        "order": 1,
        "status": "Not Started",
        "status_message": "",
        "team_impact": "none",
        "pm_impact": "none",
        "sponsor_impact": "none",
        "initiative": 14
    }
},
{
    "model": "programmes.deliverable",
    "pk": 79,
    "fields": {
        "name": "Pipeline Strategy (Document approach to displaying the pipeline)",
        "description": "Lorem ipsum dolor sit amet, consectetur adipiscing elit. Nunc maximus, nulla ut commodo sagittis.",
        "end_date": "2019-02-12",
        "progress": 0.0,
        "order": 1,
        "status": "Not Started",
        "status_message": "",
        "team_impact": "none",
        "pm_impact": "none",
        "sponsor_impact": "none",
        "initiative": 14
    }
},
{
    "model": "programmes.deliverable",
    "pk": 80,
    "fields": {
        "name": "Low Code Governance Strategy",
        "description": "Lorem ipsum dolor sit amet, consectetur adipiscing elit. Nunc maximus, nulla ut commodo sagittis.",
        "end_date": "2019-02-09",
        "progress": 0.0,
        "order": 1,
        "status": "Not Started",
        "status_message": "",
        "team_impact": "none",
        "pm_impact": "none",
        "sponsor_impact": "none",
        "initiative": 14
    }
},
{
    "model": "programmes.deliverable",
    "pk": 81,
    "fields": {
        "name": "Document architectural approach for roles and organisational structure",
        "description": "Lorem ipsum dolor sit amet, consectetur adipiscing elit. Nunc maximus, nulla ut commodo sagittis.",
        "end_date": "2019-02-13",
        "progress": 0.0,
        "order": 1,
        "status": "Not Started",
        "status_message": "",
        "team_impact": "none",
        "pm_impact": "none",
        "sponsor_impact": "none",
        "initiative": 14
    }
},
{
    "model": "programmes.deliverable",
    "pk": 82,
    "fields": {
        "name": "Outsystems Basic UC UI Skin",
        "description": "Lorem ipsum dolor sit amet, consectetur adipiscing elit. Nunc maximus, nulla ut commodo sagittis.",
        "progress": 0.0,
        "order": 1,
        "status": "Not Started",
        "status_message": "",
        "team_impact": "none",
        "pm_impact": "none",
        "sponsor_impact": "none",
        "initiative": 14,
        "end_date": "2019-02-06"
    }
},
{
    "model": "programmes.deliverable",
    "pk": 83,
    "fields": {
        "name": "Study Abroad through connectUC",
        "description": "Lorem ipsum dolor sit amet, consectetur adipiscing elit. Nunc maximus, nulla ut commodo sagittis.",
        "end_date": "2019-01-10",
        "progress": 1,
        "order": 1,
        "status": "Complete",
        "status_message": "",
        "team_impact": "none",
        "pm_impact": "none",
        "sponsor_impact": "none",
        "initiative": 15
    }
},
{
    "model": "programmes.deliverable",
    "pk": 84,
    "fields": {
        "name": "Incoming Student Exchange & Study Abroad through myUC",
        "description": "Lorem ipsum dolor sit amet, consectetur adipiscing elit. Nunc maximus, nulla ut commodo sagittis.",
        "end_date": "2019-01-12",
        "progress": 1,
        "order": 1,
        "status": "Complete",
        "status_message": "",
        "team_impact": "none",
        "pm_impact": "none",
        "sponsor_impact": "none",
        "initiative": 15
    }
},
{
    "model": "programmes.deliverable",
    "pk": 85,
    "fields": {
        "name": "STAR Applications online",
        "description": "Lorem ipsum dolor sit amet, consectetur adipiscing elit. Nunc maximus, nulla ut commodo sagittis.",
        "end_date": "2019-01-08",
        "progress": 1,
        "order": 1,
        "status": "Complete",
        "status_message": "",
        "team_impact": "none",
        "pm_impact": "none",
        "sponsor_impact": "none",
        "initiative": 15
    }
},
{
    "model": "programmes.deliverable",
    "pk": 86,
    "fields": {
        "name": "PhD applications online",
        "description": "Lorem ipsum dolor sit amet, consectetur adipiscing elit. Nunc maximus, nulla ut commodo sagittis.",
        "end_date": "2019-01-10",
        "progress": 1,
        "order": 1,
        "status": "Complete",
        "status_message": "",
        "team_impact": "none",
        "pm_impact": "none",
        "sponsor_impact": "none",
        "initiative": 15
    }
},
{
    "model": "programmes.deliverable",
    "pk": 87,
    "fields": {
        "name": "Process Hierarchy",
        "description": "Lorem ipsum dolor sit amet, consectetur adipiscing elit. Nunc maximus, nulla ut commodo sagittis.",
        "end_date": "2019-01-31",
        "progress": 1,
        "order": 1,
        "status": "Complete",
        "status_message": "",
        "team_impact": "none",
        "pm_impact": "none",
        "sponsor_impact": "none",
        "initiative": 16
    }
},
{
    "model": "programmes.deliverable",
    "pk": 88,
    "fields": {
        "name": "Current State PIMs (BA)",
        "description": "Lorem ipsum dolor sit amet, consectetur adipiscing elit. Nunc maximus, nulla ut commodo sagittis.",
        "progress": 1,
        "order": 1,
        "status": "Complete",
        "status_message": "",
        "team_impact": "none",
        "pm_impact": "none",
        "sponsor_impact": "none",
        "initiative": 16,
        "end_date": "2019-01-05"
    }
},
{
    "model": "programmes.deliverable",
    "pk": 89,
    "fields": {
        "name": "Future State PIMs",
        "description": "Lorem ipsum dolor sit amet, consectetur adipiscing elit. Nunc maximus, nulla ut commodo sagittis.",
        "end_date": "2019-01-05",
        "progress": 1,
        "order": 1,
        "status": "Complete",
        "status_message": "",
        "team_impact": "none",
        "pm_impact": "none",
        "sponsor_impact": "none",
        "initiative": 16
    }
},
{
    "model": "programmes.deliverable",
    "pk": 90,
    "fields": {
        "name": "Current State PIMS (ARCH)",
        "description": "Lorem ipsum dolor sit amet, consectetur adipiscing elit. Nunc maximus, nulla ut commodo sagittis.",
        "end_date": "2019-01-05",
        "progress": 1,
        "order": 1,
        "status": "Complete",
        "status_message": "",
        "team_impact": "none",
        "pm_impact": "none",
        "sponsor_impact": "none",
        "initiative": 16
    }
},
{
    "model": "programmes.deliverable",
    "pk": 91,
    "fields": {
        "name": "Identify Rule Patterns / Create Templates",
        "description": "Lorem ipsum dolor sit amet, consectetur adipiscing elit. Nunc maximus, nulla ut commodo sagittis.",
        "end_date": "2019-02-12",
        "progress": 0.0,
        "order": 1,
        "status": "Not Started",
        "status_message": "",
        "team_impact": "none",
        "pm_impact": "none",
        "sponsor_impact": "none",
        "initiative": 16
    }
},
{
    "model": "programmes.deliverable",
    "pk": 92,
    "fields": {
        "name": "State Transition Diagram to Assess ATE",
        "description": "Lorem ipsum dolor sit amet, consectetur adipiscing elit. Nunc maximus, nulla ut commodo sagittis.",
        "end_date": "2019-01-07",
        "progress": 1,
        "order": 1,
        "status": "Complete",
        "status_message": "",
        "team_impact": "none",
        "pm_impact": "none",
        "sponsor_impact": "none",
        "initiative": 16
    }
},
{
    "model": "programmes.deliverable",
    "pk": 93,
    "fields": {
        "name": "Implementation Plan",
        "description": "Lorem ipsum dolor sit amet, consectetur adipiscing elit. Nunc maximus, nulla ut commodo sagittis.",
        "end_date": "2019-02-04",
        "progress": 0.0,
        "order": 1,
        "status": "Not Started",
        "status_message": "",
        "team_impact": "none",
        "pm_impact": "none",
        "sponsor_impact": "none",
        "initiative": 16
    }
},
{
    "model": "programmes.deliverable",
    "pk": 94,
    "fields": {
        "name": "Pipeline Strategy",
        "description": "Lorem ipsum dolor sit amet, consectetur adipiscing elit. Nunc maximus, nulla ut commodo sagittis.",
        "progress": 0.0,
        "order": 1,
        "status": "Not Started",
        "status_message": "",
        "team_impact": "none",
        "pm_impact": "none",
        "sponsor_impact": "none",
        "initiative": 17,
        "end_date": "2019-02-02"
    }
},
{
    "model": "programmes.deliverable",
    "pk": 95,
    "fields": {
        "name": "Qualification Occurrences data model incorporated into the qualification MS",
        "description": "Lorem ipsum dolor sit amet, consectetur adipiscing elit. Nunc maximus, nulla ut commodo sagittis.",
        "end_date": "2019-02-10",
        "progress": 0.87,
        "order": 1,
        "status": "In Progress",
        "status_message": "",
        "team_impact": "none",
        "pm_impact": "none",
        "sponsor_impact": "none",
        "initiative": 18
    }
},
{
    "model": "programmes.deliverable",
    "pk": 96,
    "fields": {
        "name": "Qualification occurrence maintenance UI created in ourUC",
        "description": "Lorem ipsum dolor sit amet, consectetur adipiscing elit. Nunc maximus, nulla ut commodo sagittis.",
        "end_date": "2019-02-09",
        "progress": 0.0,
        "order": 1,
        "status": "Not Started",
        "status_message": "",
        "team_impact": "none",
        "pm_impact": "none",
        "sponsor_impact": "none",
        "initiative": 18
    }
},
{
    "model": "programmes.deliverable",
    "pk": 97,
    "fields": {
        "name": "Qualification occurrence data populated in Qualification MS",
        "description": "Lorem ipsum dolor sit amet, consectetur adipiscing elit. Nunc maximus, nulla ut commodo sagittis.",
        "end_date": "2019-02-09",
        "progress": 0.0,
        "order": 1,
        "status": "Not Started",
        "status_message": "",
        "team_impact": "none",
        "pm_impact": "none",
        "sponsor_impact": "none",
        "initiative": 18
    }
},
{
    "model": "programmes.deliverable",
    "pk": 98,
    "fields": {
        "name": "Rework myUC Study Options task to take Qualification Occurrences",
        "description": "Lorem ipsum dolor sit amet, consectetur adipiscing elit. Nunc maximus, nulla ut commodo sagittis.",
        "end_date": "2019-02-09",
        "progress": 0.0,
        "order": 1,
        "status": "Not Started",
        "status_message": "",
        "team_impact": "none",
        "pm_impact": "none",
        "sponsor_impact": "none",
        "initiative": 18
    }
},
{
    "model": "programmes.deliverable",
    "pk": 99,
    "fields": {
        "name": "Integrate Qualification Occurrences and linked curriculum groups into the course selector",
        "description": "Lorem ipsum dolor sit amet, consectetur adipiscing elit. Nunc maximus, nulla ut commodo sagittis.",
        "end_date": "2019-02-09",
        "progress": 0.0,
        "order": 1,
        "status": "Not Started",
        "status_message": "",
        "team_impact": "none",
        "pm_impact": "none",
        "sponsor_impact": "none",
        "initiative": 18
    }
},
{
    "model": "programmes.deliverable",
    "pk": 100,
    "fields": {
        "name": "Jade Student Debtor Ledger to Oracle Assessment",
        "description": "Lorem ipsum dolor sit amet, consectetur adipiscing elit. Nunc maximus, nulla ut commodo sagittis.",
        "progress": 1,
        "order": 1,
        "status": "Complete",
        "status_message": "",
        "team_impact": "none",
        "pm_impact": "none",
        "sponsor_impact": "none",
        "initiative": 19,
        "end_date": "2019-01-23"
    }
},
{
    "model": "programmes.deliverable",
    "pk": 103,
    "fields": {
        "name": "Fees Simplification",
        "description": "Lorem ipsum dolor sit amet, consectetur adipiscing elit. Nunc maximus, nulla ut commodo sagittis.",
        "progress": 1,
        "order": 1,
        "status": "Complete",
        "status_message": "",
        "team_impact": "none",
        "pm_impact": "none",
        "sponsor_impact": "none",
        "initiative": 19,
        "end_date": "2019-01-15"
    }
},
{
    "model": "programmes.deliverable",
    "pk": 101,
    "fields": {
        "name": "Finance & Fees PRG, Board, SMT, FPRC & UC Council Proposal",
        "description": "Lorem ipsum dolor sit amet, consectetur adipiscing elit. Nunc maximus, nulla ut commodo sagittis.",
        "progress": 1,
        "order": 1,
        "status": "Complete",
        "status_message": "",
        "team_impact": "none",
        "pm_impact": "none",
        "sponsor_impact": "none",
        "initiative": 19,
        "end_date": "2019-01-05"
    }
},
{
    "model": "programmes.deliverable",
    "pk": 102,
    "fields": {
        "name": "Change of Enrolments post Go Live",
        "description": "Lorem ipsum dolor sit amet, consectetur adipiscing elit. Nunc maximus, nulla ut commodo sagittis.",
        "progress": 0.0,
        "order": 1,
        "status": "Not Started",
        "status_message": "",
        "team_impact": "none",
        "pm_impact": "none",
        "sponsor_impact": "none",
        "initiative": 20,
        "end_date": "2019-04-05"
    }
},
{
    "model": "programmes.teammember",
    "pk": 22,
    "fields": {
        "email": "ewen@mediasuite.co.nz",
        "image": "prp/teammembers/images/ewen.png",
        "position": "Full Stack Developer",
        "date_joined": "2019-01-24 15:02:10.39076523",
        "first_name": "Ewen",
        "is_active": true,
        "is_staff": true,
        "is_superuser": false,
        "last_login": "2019-01-24 15:02:32.16536123",
        "last_name": "Cumming",
        "password": "pbkdf2_sha256$120000$e8pQF2uBL4fB$H4kkAvD1dCNU6qXF7GK6et/JFj7y5Fk8zdUTHvznU5I=",
        "username": "Ewen Cumming",
        "contact_number": 111
    }
},
{
    "model": "programmes.teammember",
    "pk": 23,
    "fields": {
        "email": "george@mediasuite.co.nz",
        "image": "prp/teammembers/images/george.png",
        "position": "Managing Director",
        "date_joined": "2019-01-24 15:02:10.39076523",
        "first_name": "George",
        "is_active": true,
        "is_staff": true,
        "is_superuser": true,
        "last_login": "2019-01-24 15:02:32.16536123",
        "last_name": "Wills",
        "password": "pbkdf2_sha256$120000$e8pQF2uBL4fB$H4kkAvD1dCNU6qXF7GK6et/JFj7y5Fk8zdUTHvznU5I=",
        "username": "George",
        "contact_number": 111
    }
},
{
    "model": "programmes.role",
    "pk": 29,
    "fields": {
        "role": "Project Manager",
        "team_members": [22,23],
        "projects": []
  
    }
  },
  {
    "model": "programmes.update",
    "pk": 41,
    "fields":{
        "description": "Deliverable started.",
        "date": "2019-01-04",
        "log": "",
        "author": 22,
        "deliverable": 64
        }
    },
    {
        "model": "programmes.update",
        "pk": 42,
        "fields":{
            "description": "I have caught the flu, will be out for the next two weeks.",
            "date": "2019-02-04",
            "log": "PM impact changed from 'None' to 'Severe'.",
            "author": 23,
            "deliverable": 64
        }
    }
]
